<?xml version="1.0" encoding="UTF-8"?> 
<java version="1.6.0_16" class="java.beans.XMLDecoder"> 
 <object class="jmbench.tools.runtime.OperationResults"> 
  <void property="library"> 
   <object class="jmbench.impl.MatrixLibrary"> 
    <void property="dateModified"> 
     <string></string> 
    </void> 
    <void property="dirName"> 
     <string>colt-1.2</string> 
    </void> 
    <void property="extraLibs"> 
     <boolean>true</boolean> 
    </void> 
    <void property="plotLineType"> 
     <int>7</int> 
    </void> 
    <void property="plotName"> 
     <string>Colt</string> 
    </void> 
    <void property="versionName"> 
     <string>Colt 1.2</string> 
    </void> 
   </object> 
  </void> 
  <void property="matDimen"> 
   <array class="int" length="12"> 
    <void index="0"> 
     <int>2</int> 
    </void> 
    <void index="1"> 
     <int>3</int> 
    </void> 
    <void index="2"> 
     <int>4</int> 
    </void> 
    <void index="3"> 
     <int>5</int> 
    </void> 
    <void index="4"> 
     <int>10</int> 
    </void> 
    <void index="5"> 
     <int>20</int> 
    </void> 
    <void index="6"> 
     <int>50</int> 
    </void> 
    <void index="7"> 
     <int>100</int> 
    </void> 
    <void index="8"> 
     <int>200</int> 
    </void> 
    <void index="9"> 
     <int>500</int> 
    </void> 
    <void index="10"> 
     <int>1000</int> 
    </void> 
    <void index="11"> 
     <int>2000</int> 
    </void> 
   </array> 
  </void> 
  <void property="metrics"> 
   <array class="jmbench.tools.runtime.RuntimeEvaluationMetrics" length="12"> 
    <void index="0"> 
     <object class="jmbench.tools.runtime.RuntimeEvaluationMetrics"> 
      <void property="max"> 
       <double>1231035.5352197248</double> 
      </void> 
      <void property="mean"> 
       <double>1170437.7883558602</double> 
      </void> 
      <void property="median"> 
       <double>1218583.556076623</double> 
      </void> 
      <void property="min"> 
       <double>985657.3326055135</double> 
      </void> 
      <void property="rawResults"> 
       <object class="java.util.ArrayList"> 
        <void method="add"> 
         <object class="jmbench.tools.runtime.RuntimeResults"> 
          <void property="error"> 
           <object id="OutputError0" class="jmbench.tools.OutputError" method="valueOf"> 
            <string>NO_ERROR</string> 
           </object> 
          </void> 
          <void property="opsPerSec"> 
           <double>985657.3326055135</double> 
          </void> 
         </object> 
        </void> 
        <void method="add"> 
         <object class="jmbench.tools.runtime.RuntimeResults"> 
          <void property="error"> 
           <object idref="OutputError0"/> 
          </void> 
          <void property="opsPerSec"> 
           <double>986332.3864365877</double> 
          </void> 
         </object> 
        </void> 
        <void method="add"> 
         <object class="jmbench.tools.runtime.RuntimeResults"> 
          <void property="error"> 
           <object idref="OutputError0"/> 
          </void> 
          <void property="opsPerSec"> 
           <double>987040.1352509154</double> 
          </void> 
         </object> 
        </void> 
        <void method="add"> 
         <object class="jmbench.tools.runtime.RuntimeResults"> 
          <void property="error"> 
           <object idref="OutputError0"/> 
          </void> 
          <void property="opsPerSec"> 
           <double>988453.8210855883</double> 
          </void> 
         </object> 
        </void> 
        <void method="add"> 
         <object class="jmbench.tools.runtime.RuntimeResults"> 
          <void property="error"> 
           <object idref="OutputError0"/> 
          </void> 
          <void property="opsPerSec"> 
           <double>989242.4776953319</double> 
          </void> 
         </object> 
        </void> 
        <void method="add"> 
         <object class="jmbench.tools.runtime.RuntimeResults"> 
          <void property="error"> 
           <object idref="OutputError0"/> 
          </void> 
          <void property="opsPerSec"> 
           <double>1176040.7482464807</double> 
          </void> 
         </object> 
        </void> 
        <void method="add"> 
         <object class="jmbench.tools.runtime.RuntimeResults"> 
          <void property="error"> 
           <object idref="OutputError0"/> 
          </void> 
          <void property="opsPerSec"> 
           <double>1181416.0812626188</double> 
          </void> 
         </object> 
        </void> 
        <void method="add"> 
         <object class="jmbench.tools.runtime.RuntimeResults"> 
          <void property="error"> 
           <object idref="OutputError0"/> 
          </void> 
          <void property="opsPerSec"> 
           <double>1187943.0516434312</double> 
          </void> 
         </object> 
        </void> 
        <void method="add"> 
         <object class="jmbench.tools.runtime.RuntimeResults"> 
          <void property="error"> 
           <object idref="OutputError0"/> 
          </void> 
          <void property="opsPerSec"> 
           <double>1210441.752420276</double> 
          </void> 
         </object> 
        </void> 
        <void method="add"> 
         <object class="jmbench.tools.runtime.RuntimeResults"> 
          <void property="error"> 
           <object idref="OutputError0"/> 
          </void> 
          <void property="opsPerSec"> 
           <double>1214097.5311128178</double> 
          </void> 
         </object> 
        </void> 
        <void method="add"> 
         <object class="jmbench.tools.runtime.RuntimeResults"> 
          <void property="error"> 
           <object idref="OutputError0"/> 
          </void> 
          <void property="opsPerSec"> 
           <double>1214337.9907441288</double> 
          </void> 
         </object> 
        </void> 
        <void method="add"> 
         <object class="jmbench.tools.runtime.RuntimeResults"> 
          <void property="error"> 
           <object idref="OutputError0"/> 
          </void> 
          <void property="opsPerSec"> 
           <double>1215325.2419561215</double> 
          </void> 
         </object> 
        </void> 
        <void method="add"> 
         <object class="jmbench.tools.runtime.RuntimeResults"> 
          <void property="error"> 
           <object idref="OutputError0"/> 
          </void> 
          <void property="opsPerSec"> 
           <double>1218583.556076623</double> 
          </void> 
         </object> 
        </void> 
        <void method="add"> 
         <object class="jmbench.tools.runtime.RuntimeResults"> 
          <void property="error"> 
           <object idref="OutputError0"/> 
          </void> 
          <void property="opsPerSec"> 
           <double>1219021.520643955</double> 
          </void> 
         </object> 
        </void> 
        <void method="add"> 
         <object class="jmbench.tools.runtime.RuntimeResults"> 
          <void property="error"> 
           <object idref="OutputError0"/> 
          </void> 
          <void property="opsPerSec"> 
           <double>1224787.488411964</double> 
          </void> 
         </object> 
        </void> 
        <void method="add"> 
         <object class="jmbench.tools.runtime.RuntimeResults"> 
          <void property="error"> 
           <object idref="OutputError0"/> 
          </void> 
          <void property="opsPerSec"> 
           <double>1226668.0697773648</double> 
          </void> 
         </object> 
        </void> 
        <void method="add"> 
         <object class="jmbench.tools.runtime.RuntimeResults"> 
          <void property="error"> 
           <object idref="OutputError0"/> 
          </void> 
          <void property="opsPerSec"> 
           <double>1227719.146270424</double> 
          </void> 
         </object> 
        </void> 
        <void method="add"> 
         <object class="jmbench.tools.runtime.RuntimeResults"> 
          <void property="error"> 
           <object idref="OutputError0"/> 
          </void> 
          <void property="opsPerSec"> 
           <double>1228684.585199325</double> 
          </void> 
         </object> 
        </void> 
        <void method="add"> 
         <object class="jmbench.tools.runtime.RuntimeResults"> 
          <void property="error"> 
           <object idref="OutputError0"/> 
          </void> 
          <void property="opsPerSec"> 
           <double>1229545.6052779825</double> 
          </void> 
         </object> 
        </void> 
        <void method="add"> 
         <object class="jmbench.tools.runtime.RuntimeResults"> 
          <void property="error"> 
           <object idref="OutputError0"/> 
          </void> 
          <void property="opsPerSec"> 
           <double>1231035.5352197248</double> 
          </void> 
         </object> 
        </void> 
        <void method="add"> 
         <object class="jmbench.tools.runtime.RuntimeResults"> 
          <void property="error"> 
           <object idref="OutputError0"/> 
          </void> 
          <void property="opsPerSec"> 
           <double>1223489.4130434738</double> 
          </void> 
         </object> 
        </void> 
        <void method="add"> 
         <object class="jmbench.tools.runtime.RuntimeResults"> 
          <void property="error"> 
           <object idref="OutputError0"/> 
          </void> 
          <void property="opsPerSec"> 
           <double>1222994.9965807546</double> 
          </void> 
         </object> 
        </void> 
        <void method="add"> 
         <object class="jmbench.tools.runtime.RuntimeResults"> 
          <void property="error"> 
           <object idref="OutputError0"/> 
          </void> 
          <void property="opsPerSec"> 
           <double>1224440.3424409141</double> 
          </void> 
         </object> 
        </void> 
        <void method="add"> 
         <object class="jmbench.tools.runtime.RuntimeResults"> 
          <void property="error"> 
           <object idref="OutputError0"/> 
          </void> 
          <void property="opsPerSec"> 
           <double>1227113.8921498046</double> 
          </void> 
         </object> 
        </void> 
        <void method="add"> 
         <object class="jmbench.tools.runtime.RuntimeResults"> 
          <void property="error"> 
           <object idref="OutputError0"/> 
          </void> 
          <void property="opsPerSec"> 
           <double>1220532.0073443817</double> 
          </void> 
         </object> 
        </void> 
       </object> 
      </void> 
      <void property="stdev"> 
       <double>92602.07057876943</double> 
      </void> 
     </object> 
    </void> 
    <void index="1"> 
     <object class="jmbench.tools.runtime.RuntimeEvaluationMetrics"> 
      <void property="max"> 
       <double>638963.7766968363</double> 
      </void> 
      <void property="mean"> 
       <double>611675.2648479234</double> 
      </void> 
      <void property="median"> 
       <double>630140.3450843232</double> 
      </void> 
      <void property="min"> 
       <double>573555.8487497648</double> 
      </void> 
      <void property="rawResults"> 
       <object class="java.util.ArrayList"> 
        <void method="add"> 
         <object class="jmbench.tools.runtime.RuntimeResults"> 
          <void property="error"> 
           <object idref="OutputError0"/> 
          </void> 
          <void property="opsPerSec"> 
           <double>573555.8487497648</double> 
          </void> 
         </object> 
        </void> 
        <void method="add"> 
         <object class="jmbench.tools.runtime.RuntimeResults"> 
          <void property="error"> 
           <object idref="OutputError0"/> 
          </void> 
          <void property="opsPerSec"> 
           <double>574564.8158803649</double> 
          </void> 
         </object> 
        </void> 
        <void method="add"> 
         <object class="jmbench.tools.runtime.RuntimeResults"> 
          <void property="error"> 
           <object idref="OutputError0"/> 
          </void> 
          <void property="opsPerSec"> 
           <double>575927.9693197699</double> 
          </void> 
         </object> 
        </void> 
        <void method="add"> 
         <object class="jmbench.tools.runtime.RuntimeResults"> 
          <void property="error"> 
           <object idref="OutputError0"/> 
          </void> 
          <void property="opsPerSec"> 
           <double>576592.7183827906</double> 
          </void> 
         </object> 
        </void> 
        <void method="add"> 
         <object class="jmbench.tools.runtime.RuntimeResults"> 
          <void property="error"> 
           <object idref="OutputError0"/> 
          </void> 
          <void property="opsPerSec"> 
           <double>579671.0043406846</double> 
          </void> 
         </object> 
        </void> 
        <void method="add"> 
         <object class="jmbench.tools.runtime.RuntimeResults"> 
          <void property="error"> 
           <object idref="OutputError0"/> 
          </void> 
          <void property="opsPerSec"> 
           <double>628132.6883053717</double> 
          </void> 
         </object> 
        </void> 
        <void method="add"> 
         <object class="jmbench.tools.runtime.RuntimeResults"> 
          <void property="error"> 
           <object idref="OutputError0"/> 
          </void> 
          <void property="opsPerSec"> 
           <double>630090.4169814904</double> 
          </void> 
         </object> 
        </void> 
        <void method="add"> 
         <object class="jmbench.tools.runtime.RuntimeResults"> 
          <void property="error"> 
           <object idref="OutputError0"/> 
          </void> 
          <void property="opsPerSec"> 
           <double>630140.3450843232</double> 
          </void> 
         </object> 
        </void> 
        <void method="add"> 
         <object class="jmbench.tools.runtime.RuntimeResults"> 
          <void property="error"> 
           <object idref="OutputError0"/> 
          </void> 
          <void property="opsPerSec"> 
           <double>630614.1201506096</double> 
          </void> 
         </object> 
        </void> 
        <void method="add"> 
         <object class="jmbench.tools.runtime.RuntimeResults"> 
          <void property="error"> 
           <object idref="OutputError0"/> 
          </void> 
          <void property="opsPerSec"> 
           <double>631108.2245761077</double> 
          </void> 
         </object> 
        </void> 
        <void method="add"> 
         <object class="jmbench.tools.runtime.RuntimeResults"> 
          <void property="error"> 
           <object idref="OutputError0"/> 
          </void> 
          <void property="opsPerSec"> 
           <double>632960.5404676374</double> 
          </void> 
         </object> 
        </void> 
        <void method="add"> 
         <object class="jmbench.tools.runtime.RuntimeResults"> 
          <void property="error"> 
           <object idref="OutputError0"/> 
          </void> 
          <void property="opsPerSec"> 
           <double>633108.6221010073</double> 
          </void> 
         </object> 
        </void> 
        <void method="add"> 
         <object class="jmbench.tools.runtime.RuntimeResults"> 
          <void property="error"> 
           <object idref="OutputError0"/> 
          </void> 
          <void property="opsPerSec"> 
           <double>634167.3469989871</double> 
          </void> 
         </object> 
        </void> 
        <void method="add"> 
         <object class="jmbench.tools.runtime.RuntimeResults"> 
          <void property="error"> 
           <object idref="OutputError0"/> 
          </void> 
          <void property="opsPerSec"> 
           <double>634947.5988752622</double> 
          </void> 
         </object> 
        </void> 
        <void method="add"> 
         <object class="jmbench.tools.runtime.RuntimeResults"> 
          <void property="error"> 
           <object idref="OutputError0"/> 
          </void> 
          <void property="opsPerSec"> 
           <double>635127.1583439829</double> 
          </void> 
         </object> 
        </void> 
        <void method="add"> 
         <object class="jmbench.tools.runtime.RuntimeResults"> 
          <void property="error"> 
           <object idref="OutputError0"/> 
          </void> 
          <void property="opsPerSec"> 
           <double>635157.214432077</double> 
          </void> 
         </object> 
        </void> 
        <void method="add"> 
         <object class="jmbench.tools.runtime.RuntimeResults"> 
          <void property="error"> 
           <object idref="OutputError0"/> 
          </void> 
          <void property="opsPerSec"> 
           <double>635262.0827624308</double> 
          </void> 
         </object> 
        </void> 
        <void method="add"> 
         <object class="jmbench.tools.runtime.RuntimeResults"> 
          <void property="error"> 
           <object idref="OutputError0"/> 
          </void> 
          <void property="opsPerSec"> 
           <double>636173.2517587051</double> 
          </void> 
         </object> 
        </void> 
        <void method="add"> 
         <object class="jmbench.tools.runtime.RuntimeResults"> 
          <void property="error"> 
           <object idref="OutputError0"/> 
          </void> 
          <void property="opsPerSec"> 
           <double>637024.4124182962</double> 
          </void> 
         </object> 
        </void> 
        <void method="add"> 
         <object class="jmbench.tools.runtime.RuntimeResults"> 
          <void property="error"> 
           <object idref="OutputError0"/> 
          </void> 
          <void property="opsPerSec"> 
           <double>638963.7766968363</double> 
          </void> 
         </object> 
        </void> 
        <void method="add"> 
         <object class="jmbench.tools.runtime.RuntimeResults"> 
          <void property="error"> 
           <object idref="OutputError0"/> 
          </void> 
          <void property="opsPerSec"> 
           <double>585249.3751378623</double> 
          </void> 
         </object> 
        </void> 
        <void method="add"> 
         <object class="jmbench.tools.runtime.RuntimeResults"> 
          <void property="error"> 
           <object idref="OutputError0"/> 
          </void> 
          <void property="opsPerSec"> 
           <double>576458.3643618675</double> 
          </void> 
         </object> 
        </void> 
        <void method="add"> 
         <object class="jmbench.tools.runtime.RuntimeResults"> 
          <void property="error"> 
           <object idref="OutputError0"/> 
          </void> 
          <void property="opsPerSec"> 
           <double>579755.4870197403</double> 
          </void> 
         </object> 
        </void> 
        <void method="add"> 
         <object class="jmbench.tools.runtime.RuntimeResults"> 
          <void property="error"> 
           <object idref="OutputError0"/> 
          </void> 
          <void property="opsPerSec"> 
           <double>584638.083169918</double> 
          </void> 
         </object> 
        </void> 
        <void method="add"> 
         <object class="jmbench.tools.runtime.RuntimeResults"> 
          <void property="error"> 
           <object idref="OutputError0"/> 
          </void> 
          <void property="opsPerSec"> 
           <double>582490.1548821965</double> 
          </void> 
         </object> 
        </void> 
       </object> 
      </void> 
      <void property="stdev"> 
       <double>26978.308151860456</double> 
      </void> 
     </object> 
    </void> 
    <void index="2"> 
     <object class="jmbench.tools.runtime.RuntimeEvaluationMetrics"> 
      <void property="max"> 
       <double>405609.39173666306</double> 
      </void> 
      <void property="mean"> 
       <double>389981.7970127297</double> 
      </void> 
      <void property="median"> 
       <double>402139.0529171211</double> 
      </void> 
      <void property="min"> 
       <double>344699.9813646234</double> 
      </void> 
      <void property="rawResults"> 
       <object class="java.util.ArrayList"> 
        <void method="add"> 
         <object class="jmbench.tools.runtime.RuntimeResults"> 
          <void property="error"> 
           <object idref="OutputError0"/> 
          </void> 
          <void property="opsPerSec"> 
           <double>368726.6544033808</double> 
          </void> 
         </object> 
        </void> 
        <void method="add"> 
         <object class="jmbench.tools.runtime.RuntimeResults"> 
          <void property="error"> 
           <object idref="OutputError0"/> 
          </void> 
          <void property="opsPerSec"> 
           <double>371876.8526886356</double> 
          </void> 
         </object> 
        </void> 
        <void method="add"> 
         <object class="jmbench.tools.runtime.RuntimeResults"> 
          <void property="error"> 
           <object idref="OutputError0"/> 
          </void> 
          <void property="opsPerSec"> 
           <double>378316.63373313955</double> 
          </void> 
         </object> 
        </void> 
        <void method="add"> 
         <object class="jmbench.tools.runtime.RuntimeResults"> 
          <void property="error"> 
           <object idref="OutputError0"/> 
          </void> 
          <void property="opsPerSec"> 
           <double>384810.6996234568</double> 
          </void> 
         </object> 
        </void> 
        <void method="add"> 
         <object class="jmbench.tools.runtime.RuntimeResults"> 
          <void property="error"> 
           <object idref="OutputError0"/> 
          </void> 
          <void property="opsPerSec"> 
           <double>387525.9452827003</double> 
          </void> 
         </object> 
        </void> 
        <void method="add"> 
         <object class="jmbench.tools.runtime.RuntimeResults"> 
          <void property="error"> 
           <object idref="OutputError0"/> 
          </void> 
          <void property="opsPerSec"> 
           <double>400847.48556705704</double> 
          </void> 
         </object> 
        </void> 
        <void method="add"> 
         <object class="jmbench.tools.runtime.RuntimeResults"> 
          <void property="error"> 
           <object idref="OutputError0"/> 
          </void> 
          <void property="opsPerSec"> 
           <double>401946.48814660177</double> 
          </void> 
         </object> 
        </void> 
        <void method="add"> 
         <object class="jmbench.tools.runtime.RuntimeResults"> 
          <void property="error"> 
           <object idref="OutputError0"/> 
          </void> 
          <void property="opsPerSec"> 
           <double>402139.0529171211</double> 
          </void> 
         </object> 
        </void> 
        <void method="add"> 
         <object class="jmbench.tools.runtime.RuntimeResults"> 
          <void property="error"> 
           <object idref="OutputError0"/> 
          </void> 
          <void property="opsPerSec"> 
           <double>402252.8622350352</double> 
          </void> 
         </object> 
        </void> 
        <void method="add"> 
         <object class="jmbench.tools.runtime.RuntimeResults"> 
          <void property="error"> 
           <object idref="OutputError0"/> 
          </void> 
          <void property="opsPerSec"> 
           <double>402549.07972792647</double> 
          </void> 
         </object> 
        </void> 
        <void method="add"> 
         <object class="jmbench.tools.runtime.RuntimeResults"> 
          <void property="error"> 
           <object idref="OutputError0"/> 
          </void> 
          <void property="opsPerSec"> 
           <double>402679.456658424</double> 
          </void> 
         </object> 
        </void> 
        <void method="add"> 
         <object class="jmbench.tools.runtime.RuntimeResults"> 
          <void property="error"> 
           <object idref="OutputError0"/> 
          </void> 
          <void property="opsPerSec"> 
           <double>403035.08391243976</double> 
          </void> 
         </object> 
        </void> 
        <void method="add"> 
         <object class="jmbench.tools.runtime.RuntimeResults"> 
          <void property="error"> 
           <object idref="OutputError0"/> 
          </void> 
          <void property="opsPerSec"> 
           <double>403111.11420790706</double> 
          </void> 
         </object> 
        </void> 
        <void method="add"> 
         <object class="jmbench.tools.runtime.RuntimeResults"> 
          <void property="error"> 
           <object idref="OutputError0"/> 
          </void> 
          <void property="opsPerSec"> 
           <double>403440.2430402188</double> 
          </void> 
         </object> 
        </void> 
        <void method="add"> 
         <object class="jmbench.tools.runtime.RuntimeResults"> 
          <void property="error"> 
           <object idref="OutputError0"/> 
          </void> 
          <void property="opsPerSec"> 
           <double>403864.7269615125</double> 
          </void> 
         </object> 
        </void> 
        <void method="add"> 
         <object class="jmbench.tools.runtime.RuntimeResults"> 
          <void property="error"> 
           <object idref="OutputError0"/> 
          </void> 
          <void property="opsPerSec"> 
           <double>404215.31230683724</double> 
          </void> 
         </object> 
        </void> 
        <void method="add"> 
         <object class="jmbench.tools.runtime.RuntimeResults"> 
          <void property="error"> 
           <object idref="OutputError0"/> 
          </void> 
          <void property="opsPerSec"> 
           <double>405083.7289833034</double> 
          </void> 
         </object> 
        </void> 
        <void method="add"> 
         <object class="jmbench.tools.runtime.RuntimeResults"> 
          <void property="error"> 
           <object idref="OutputError0"/> 
          </void> 
          <void property="opsPerSec"> 
           <double>405212.59159815975</double> 
          </void> 
         </object> 
        </void> 
        <void method="add"> 
         <object class="jmbench.tools.runtime.RuntimeResults"> 
          <void property="error"> 
           <object idref="OutputError0"/> 
          </void> 
          <void property="opsPerSec"> 
           <double>405439.28590565344</double> 
          </void> 
         </object> 
        </void> 
        <void method="add"> 
         <object class="jmbench.tools.runtime.RuntimeResults"> 
          <void property="error"> 
           <object idref="OutputError0"/> 
          </void> 
          <void property="opsPerSec"> 
           <double>405609.39173666306</double> 
          </void> 
         </object> 
        </void> 
        <void method="add"> 
         <object class="jmbench.tools.runtime.RuntimeResults"> 
          <void property="error"> 
           <object idref="OutputError0"/> 
          </void> 
          <void property="opsPerSec"> 
           <double>373258.474143142</double> 
          </void> 
         </object> 
        </void> 
        <void method="add"> 
         <object class="jmbench.tools.runtime.RuntimeResults"> 
          <void property="error"> 
           <object idref="OutputError0"/> 
          </void> 
          <void property="opsPerSec"> 
           <double>344699.9813646234</double> 
          </void> 
         </object> 
        </void> 
        <void method="add"> 
         <object class="jmbench.tools.runtime.RuntimeResults"> 
          <void property="error"> 
           <object idref="OutputError0"/> 
          </void> 
          <void property="opsPerSec"> 
           <double>354273.6732778967</double> 
          </void> 
         </object> 
        </void> 
        <void method="add"> 
         <object class="jmbench.tools.runtime.RuntimeResults"> 
          <void property="error"> 
           <object idref="OutputError0"/> 
          </void> 
          <void property="opsPerSec"> 
           <double>368579.53548479016</double> 
          </void> 
         </object> 
        </void> 
        <void method="add"> 
         <object class="jmbench.tools.runtime.RuntimeResults"> 
          <void property="error"> 
           <object idref="OutputError0"/> 
          </void> 
          <void property="opsPerSec"> 
           <double>366050.5714116195</double> 
          </void> 
         </object> 
        </void> 
       </object> 
      </void> 
      <void property="stdev"> 
       <double>18248.889679309414</double> 
      </void> 
     </object> 
    </void> 
    <void index="3"> 
     <object class="jmbench.tools.runtime.RuntimeEvaluationMetrics"> 
      <void property="max"> 
       <double>255120.41745100069</double> 
      </void> 
      <void property="mean"> 
       <double>244480.51473109663</double> 
      </void> 
      <void property="median"> 
       <double>252458.50760493937</double> 
      </void> 
      <void property="min"> 
       <double>216062.79181431714</double> 
      </void> 
      <void property="rawResults"> 
       <object class="java.util.ArrayList"> 
        <void method="add"> 
         <object class="jmbench.tools.runtime.RuntimeResults"> 
          <void property="error"> 
           <object idref="OutputError0"/> 
          </void> 
          <void property="opsPerSec"> 
           <double>216062.79181431714</double> 
          </void> 
         </object> 
        </void> 
        <void method="add"> 
         <object class="jmbench.tools.runtime.RuntimeResults"> 
          <void property="error"> 
           <object idref="OutputError0"/> 
          </void> 
          <void property="opsPerSec"> 
           <double>216477.6153915255</double> 
          </void> 
         </object> 
        </void> 
        <void method="add"> 
         <object class="jmbench.tools.runtime.RuntimeResults"> 
          <void property="error"> 
           <object idref="OutputError0"/> 
          </void> 
          <void property="opsPerSec"> 
           <double>216580.91912456654</double> 
          </void> 
         </object> 
        </void> 
        <void method="add"> 
         <object class="jmbench.tools.runtime.RuntimeResults"> 
          <void property="error"> 
           <object idref="OutputError0"/> 
          </void> 
          <void property="opsPerSec"> 
           <double>218694.5572097042</double> 
          </void> 
         </object> 
        </void> 
        <void method="add"> 
         <object class="jmbench.tools.runtime.RuntimeResults"> 
          <void property="error"> 
           <object idref="OutputError0"/> 
          </void> 
          <void property="opsPerSec"> 
           <double>218734.1852583824</double> 
          </void> 
         </object> 
        </void> 
        <void method="add"> 
         <object class="jmbench.tools.runtime.RuntimeResults"> 
          <void property="error"> 
           <object idref="OutputError0"/> 
          </void> 
          <void property="opsPerSec"> 
           <double>230422.61537777702</double> 
          </void> 
         </object> 
        </void> 
        <void method="add"> 
         <object class="jmbench.tools.runtime.RuntimeResults"> 
          <void property="error"> 
           <object idref="OutputError0"/> 
          </void> 
          <void property="opsPerSec"> 
           <double>238210.5124042103</double> 
          </void> 
         </object> 
        </void> 
        <void method="add"> 
         <object class="jmbench.tools.runtime.RuntimeResults"> 
          <void property="error"> 
           <object idref="OutputError0"/> 
          </void> 
          <void property="opsPerSec"> 
           <double>250480.38809414968</double> 
          </void> 
         </object> 
        </void> 
        <void method="add"> 
         <object class="jmbench.tools.runtime.RuntimeResults"> 
          <void property="error"> 
           <object idref="OutputError0"/> 
          </void> 
          <void property="opsPerSec"> 
           <double>251016.4418268372</double> 
          </void> 
         </object> 
        </void> 
        <void method="add"> 
         <object class="jmbench.tools.runtime.RuntimeResults"> 
          <void property="error"> 
           <object idref="OutputError0"/> 
          </void> 
          <void property="opsPerSec"> 
           <double>251264.33493539775</double> 
          </void> 
         </object> 
        </void> 
        <void method="add"> 
         <object class="jmbench.tools.runtime.RuntimeResults"> 
          <void property="error"> 
           <object idref="OutputError0"/> 
          </void> 
          <void property="opsPerSec"> 
           <double>251691.55886733957</double> 
          </void> 
         </object> 
        </void> 
        <void method="add"> 
         <object class="jmbench.tools.runtime.RuntimeResults"> 
          <void property="error"> 
           <object idref="OutputError0"/> 
          </void> 
          <void property="opsPerSec"> 
           <double>251692.42235436718</double> 
          </void> 
         </object> 
        </void> 
        <void method="add"> 
         <object class="jmbench.tools.runtime.RuntimeResults"> 
          <void property="error"> 
           <object idref="OutputError0"/> 
          </void> 
          <void property="opsPerSec"> 
           <double>252458.50760493937</double> 
          </void> 
         </object> 
        </void> 
        <void method="add"> 
         <object class="jmbench.tools.runtime.RuntimeResults"> 
          <void property="error"> 
           <object idref="OutputError0"/> 
          </void> 
          <void property="opsPerSec"> 
           <double>253473.1953304544</double> 
          </void> 
         </object> 
        </void> 
        <void method="add"> 
         <object class="jmbench.tools.runtime.RuntimeResults"> 
          <void property="error"> 
           <object idref="OutputError0"/> 
          </void> 
          <void property="opsPerSec"> 
           <double>253623.8802947933</double> 
          </void> 
         </object> 
        </void> 
        <void method="add"> 
         <object class="jmbench.tools.runtime.RuntimeResults"> 
          <void property="error"> 
           <object idref="OutputError0"/> 
          </void> 
          <void property="opsPerSec"> 
           <double>253940.04408749292</double> 
          </void> 
         </object> 
        </void> 
        <void method="add"> 
         <object class="jmbench.tools.runtime.RuntimeResults"> 
          <void property="error"> 
           <object idref="OutputError0"/> 
          </void> 
          <void property="opsPerSec"> 
           <double>254476.58716065323</double> 
          </void> 
         </object> 
        </void> 
        <void method="add"> 
         <object class="jmbench.tools.runtime.RuntimeResults"> 
          <void property="error"> 
           <object idref="OutputError0"/> 
          </void> 
          <void property="opsPerSec"> 
           <double>254776.907916994</double> 
          </void> 
         </object> 
        </void> 
        <void method="add"> 
         <object class="jmbench.tools.runtime.RuntimeResults"> 
          <void property="error"> 
           <object idref="OutputError0"/> 
          </void> 
          <void property="opsPerSec"> 
           <double>254873.11225537388</double> 
          </void> 
         </object> 
        </void> 
        <void method="add"> 
         <object class="jmbench.tools.runtime.RuntimeResults"> 
          <void property="error"> 
           <object idref="OutputError0"/> 
          </void> 
          <void property="opsPerSec"> 
           <double>255120.41745100069</double> 
          </void> 
         </object> 
        </void> 
        <void method="add"> 
         <object class="jmbench.tools.runtime.RuntimeResults"> 
          <void property="error"> 
           <object idref="OutputError0"/> 
          </void> 
          <void property="opsPerSec"> 
           <double>253496.34233760159</double> 
          </void> 
         </object> 
        </void> 
        <void method="add"> 
         <object class="jmbench.tools.runtime.RuntimeResults"> 
          <void property="error"> 
           <object idref="OutputError0"/> 
          </void> 
          <void property="opsPerSec"> 
           <double>253961.18614104623</double> 
          </void> 
         </object> 
        </void> 
        <void method="add"> 
         <object class="jmbench.tools.runtime.RuntimeResults"> 
          <void property="error"> 
           <object idref="OutputError0"/> 
          </void> 
          <void property="opsPerSec"> 
           <double>253262.87341535723</double> 
          </void> 
         </object> 
        </void> 
        <void method="add"> 
         <object class="jmbench.tools.runtime.RuntimeResults"> 
          <void property="error"> 
           <object idref="OutputError0"/> 
          </void> 
          <void property="opsPerSec"> 
           <double>253708.66497918067</double> 
          </void> 
         </object> 
        </void> 
        <void method="add"> 
         <object class="jmbench.tools.runtime.RuntimeResults"> 
          <void property="error"> 
           <object idref="OutputError0"/> 
          </void> 
          <void property="opsPerSec"> 
           <double>253512.8066439542</double> 
          </void> 
         </object> 
        </void> 
       </object> 
      </void> 
      <void property="stdev"> 
       <double>14592.301520070318</double> 
      </void> 
     </object> 
    </void> 
    <void index="4"> 
     <object class="jmbench.tools.runtime.RuntimeEvaluationMetrics"> 
      <void property="max"> 
       <double>63770.30096592828</double> 
      </void> 
      <void property="mean"> 
       <double>61483.784107024076</double> 
      </void> 
      <void property="median"> 
       <double>62806.78271256584</double> 
      </void> 
      <void property="min"> 
       <double>55468.1240651188</double> 
      </void> 
      <void property="rawResults"> 
       <object class="java.util.ArrayList"> 
        <void method="add"> 
         <object class="jmbench.tools.runtime.RuntimeResults"> 
          <void property="error"> 
           <object idref="OutputError0"/> 
          </void> 
          <void property="opsPerSec"> 
           <double>57951.97731600533</double> 
          </void> 
         </object> 
        </void> 
        <void method="add"> 
         <object class="jmbench.tools.runtime.RuntimeResults"> 
          <void property="error"> 
           <object idref="OutputError0"/> 
          </void> 
          <void property="opsPerSec"> 
           <double>59793.37442928652</double> 
          </void> 
         </object> 
        </void> 
        <void method="add"> 
         <object class="jmbench.tools.runtime.RuntimeResults"> 
          <void property="error"> 
           <object idref="OutputError0"/> 
          </void> 
          <void property="opsPerSec"> 
           <double>60447.808467530725</double> 
          </void> 
         </object> 
        </void> 
        <void method="add"> 
         <object class="jmbench.tools.runtime.RuntimeResults"> 
          <void property="error"> 
           <object idref="OutputError0"/> 
          </void> 
          <void property="opsPerSec"> 
           <double>61623.35266596575</double> 
          </void> 
         </object> 
        </void> 
        <void method="add"> 
         <object class="jmbench.tools.runtime.RuntimeResults"> 
          <void property="error"> 
           <object idref="OutputError0"/> 
          </void> 
          <void property="opsPerSec"> 
           <double>61701.041974180494</double> 
          </void> 
         </object> 
        </void> 
        <void method="add"> 
         <object class="jmbench.tools.runtime.RuntimeResults"> 
          <void property="error"> 
           <object idref="OutputError0"/> 
          </void> 
          <void property="opsPerSec"> 
           <double>61903.93059975486</double> 
          </void> 
         </object> 
        </void> 
        <void method="add"> 
         <object class="jmbench.tools.runtime.RuntimeResults"> 
          <void property="error"> 
           <object idref="OutputError0"/> 
          </void> 
          <void property="opsPerSec"> 
           <double>62687.988340728436</double> 
          </void> 
         </object> 
        </void> 
        <void method="add"> 
         <object class="jmbench.tools.runtime.RuntimeResults"> 
          <void property="error"> 
           <object idref="OutputError0"/> 
          </void> 
          <void property="opsPerSec"> 
           <double>62806.78271256584</double> 
          </void> 
         </object> 
        </void> 
        <void method="add"> 
         <object class="jmbench.tools.runtime.RuntimeResults"> 
          <void property="error"> 
           <object idref="OutputError0"/> 
          </void> 
          <void property="opsPerSec"> 
           <double>62812.900374562705</double> 
          </void> 
         </object> 
        </void> 
        <void method="add"> 
         <object class="jmbench.tools.runtime.RuntimeResults"> 
          <void property="error"> 
           <object idref="OutputError0"/> 
          </void> 
          <void property="opsPerSec"> 
           <double>62843.704164002615</double> 
          </void> 
         </object> 
        </void> 
        <void method="add"> 
         <object class="jmbench.tools.runtime.RuntimeResults"> 
          <void property="error"> 
           <object idref="OutputError0"/> 
          </void> 
          <void property="opsPerSec"> 
           <double>62889.45156259871</double> 
          </void> 
         </object> 
        </void> 
        <void method="add"> 
         <object class="jmbench.tools.runtime.RuntimeResults"> 
          <void property="error"> 
           <object idref="OutputError0"/> 
          </void> 
          <void property="opsPerSec"> 
           <double>62911.21012161377</double> 
          </void> 
         </object> 
        </void> 
        <void method="add"> 
         <object class="jmbench.tools.runtime.RuntimeResults"> 
          <void property="error"> 
           <object idref="OutputError0"/> 
          </void> 
          <void property="opsPerSec"> 
           <double>62978.525059701264</double> 
          </void> 
         </object> 
        </void> 
        <void method="add"> 
         <object class="jmbench.tools.runtime.RuntimeResults"> 
          <void property="error"> 
           <object idref="OutputError0"/> 
          </void> 
          <void property="opsPerSec"> 
           <double>62995.25697905659</double> 
          </void> 
         </object> 
        </void> 
        <void method="add"> 
         <object class="jmbench.tools.runtime.RuntimeResults"> 
          <void property="error"> 
           <object idref="OutputError0"/> 
          </void> 
          <void property="opsPerSec"> 
           <double>63085.53549204058</double> 
          </void> 
         </object> 
        </void> 
        <void method="add"> 
         <object class="jmbench.tools.runtime.RuntimeResults"> 
          <void property="error"> 
           <object idref="OutputError0"/> 
          </void> 
          <void property="opsPerSec"> 
           <double>63395.58702393138</double> 
          </void> 
         </object> 
        </void> 
        <void method="add"> 
         <object class="jmbench.tools.runtime.RuntimeResults"> 
          <void property="error"> 
           <object idref="OutputError0"/> 
          </void> 
          <void property="opsPerSec"> 
           <double>63489.39249304923</double> 
          </void> 
         </object> 
        </void> 
        <void method="add"> 
         <object class="jmbench.tools.runtime.RuntimeResults"> 
          <void property="error"> 
           <object idref="OutputError0"/> 
          </void> 
          <void property="opsPerSec"> 
           <double>63509.11826257928</double> 
          </void> 
         </object> 
        </void> 
        <void method="add"> 
         <object class="jmbench.tools.runtime.RuntimeResults"> 
          <void property="error"> 
           <object idref="OutputError0"/> 
          </void> 
          <void property="opsPerSec"> 
           <double>63759.597024815914</double> 
          </void> 
         </object> 
        </void> 
        <void method="add"> 
         <object class="jmbench.tools.runtime.RuntimeResults"> 
          <void property="error"> 
           <object idref="OutputError0"/> 
          </void> 
          <void property="opsPerSec"> 
           <double>63770.30096592828</double> 
          </void> 
         </object> 
        </void> 
        <void method="add"> 
         <object class="jmbench.tools.runtime.RuntimeResults"> 
          <void property="error"> 
           <object idref="OutputError0"/> 
          </void> 
          <void property="opsPerSec"> 
           <double>55468.1240651188</double> 
          </void> 
         </object> 
        </void> 
        <void method="add"> 
         <object class="jmbench.tools.runtime.RuntimeResults"> 
          <void property="error"> 
           <object idref="OutputError0"/> 
          </void> 
          <void property="opsPerSec"> 
           <double>55832.93389324058</double> 
          </void> 
         </object> 
        </void> 
        <void method="add"> 
         <object class="jmbench.tools.runtime.RuntimeResults"> 
          <void property="error"> 
           <object idref="OutputError0"/> 
          </void> 
          <void property="opsPerSec"> 
           <double>59821.705581380374</double> 
          </void> 
         </object> 
        </void> 
        <void method="add"> 
         <object class="jmbench.tools.runtime.RuntimeResults"> 
          <void property="error"> 
           <object idref="OutputError0"/> 
          </void> 
          <void property="opsPerSec"> 
           <double>59894.81854315454</double> 
          </void> 
         </object> 
        </void> 
        <void method="add"> 
         <object class="jmbench.tools.runtime.RuntimeResults"> 
          <void property="error"> 
           <object idref="OutputError0"/> 
          </void> 
          <void property="opsPerSec"> 
           <double>58720.18456280965</double> 
          </void> 
         </object> 
        </void> 
       </object> 
      </void> 
      <void property="stdev"> 
       <double>2347.7121085602457</double> 
      </void> 
     </object> 
    </void> 
    <void index="5"> 
     <object class="jmbench.tools.runtime.RuntimeEvaluationMetrics"> 
      <void property="max"> 
       <double>14110.917976603538</double> 
      </void> 
      <void property="mean"> 
       <double>13668.196751373052</double> 
      </void> 
      <void property="median"> 
       <double>13606.614491471417</double> 
      </void> 
      <void property="min"> 
       <double>13095.948475560763</double> 
      </void> 
      <void property="rawResults"> 
       <object class="java.util.ArrayList"> 
        <void method="add"> 
         <object class="jmbench.tools.runtime.RuntimeResults"> 
          <void property="error"> 
           <object idref="OutputError0"/> 
          </void> 
          <void property="opsPerSec"> 
           <double>13095.948475560763</double> 
          </void> 
         </object> 
        </void> 
        <void method="add"> 
         <object class="jmbench.tools.runtime.RuntimeResults"> 
          <void property="error"> 
           <object idref="OutputError0"/> 
          </void> 
          <void property="opsPerSec"> 
           <double>13215.151776269131</double> 
          </void> 
         </object> 
        </void> 
        <void method="add"> 
         <object class="jmbench.tools.runtime.RuntimeResults"> 
          <void property="error"> 
           <object idref="OutputError0"/> 
          </void> 
          <void property="opsPerSec"> 
           <double>13249.40986596756</double> 
          </void> 
         </object> 
        </void> 
        <void method="add"> 
         <object class="jmbench.tools.runtime.RuntimeResults"> 
          <void property="error"> 
           <object idref="OutputError0"/> 
          </void> 
          <void property="opsPerSec"> 
           <double>13307.304564083886</double> 
          </void> 
         </object> 
        </void> 
        <void method="add"> 
         <object class="jmbench.tools.runtime.RuntimeResults"> 
          <void property="error"> 
           <object idref="OutputError0"/> 
          </void> 
          <void property="opsPerSec"> 
           <double>13316.235494593033</double> 
          </void> 
         </object> 
        </void> 
        <void method="add"> 
         <object class="jmbench.tools.runtime.RuntimeResults"> 
          <void property="error"> 
           <object idref="OutputError0"/> 
          </void> 
          <void property="opsPerSec"> 
           <double>13319.707776917616</double> 
          </void> 
         </object> 
        </void> 
        <void method="add"> 
         <object class="jmbench.tools.runtime.RuntimeResults"> 
          <void property="error"> 
           <object idref="OutputError0"/> 
          </void> 
          <void property="opsPerSec"> 
           <double>13320.579591738617</double> 
          </void> 
         </object> 
        </void> 
        <void method="add"> 
         <object class="jmbench.tools.runtime.RuntimeResults"> 
          <void property="error"> 
           <object idref="OutputError0"/> 
          </void> 
          <void property="opsPerSec"> 
           <double>13352.190100424028</double> 
          </void> 
         </object> 
        </void> 
        <void method="add"> 
         <object class="jmbench.tools.runtime.RuntimeResults"> 
          <void property="error"> 
           <object idref="OutputError0"/> 
          </void> 
          <void property="opsPerSec"> 
           <double>13367.104575868778</double> 
          </void> 
         </object> 
        </void> 
        <void method="add"> 
         <object class="jmbench.tools.runtime.RuntimeResults"> 
          <void property="error"> 
           <object idref="OutputError0"/> 
          </void> 
          <void property="opsPerSec"> 
           <double>13396.367502973191</double> 
          </void> 
         </object> 
        </void> 
        <void method="add"> 
         <object class="jmbench.tools.runtime.RuntimeResults"> 
          <void property="error"> 
           <object idref="OutputError0"/> 
          </void> 
          <void property="opsPerSec"> 
           <double>13606.614491471417</double> 
          </void> 
         </object> 
        </void> 
        <void method="add"> 
         <object class="jmbench.tools.runtime.RuntimeResults"> 
          <void property="error"> 
           <object idref="OutputError0"/> 
          </void> 
          <void property="opsPerSec"> 
           <double>14009.558378251004</double> 
          </void> 
         </object> 
        </void> 
        <void method="add"> 
         <object class="jmbench.tools.runtime.RuntimeResults"> 
          <void property="error"> 
           <object idref="OutputError0"/> 
          </void> 
          <void property="opsPerSec"> 
           <double>14042.407205900374</double> 
          </void> 
         </object> 
        </void> 
        <void method="add"> 
         <object class="jmbench.tools.runtime.RuntimeResults"> 
          <void property="error"> 
           <object idref="OutputError0"/> 
          </void> 
          <void property="opsPerSec"> 
           <double>14046.875372883545</double> 
          </void> 
         </object> 
        </void> 
        <void method="add"> 
         <object class="jmbench.tools.runtime.RuntimeResults"> 
          <void property="error"> 
           <object idref="OutputError0"/> 
          </void> 
          <void property="opsPerSec"> 
           <double>14057.036742045166</double> 
          </void> 
         </object> 
        </void> 
        <void method="add"> 
         <object class="jmbench.tools.runtime.RuntimeResults"> 
          <void property="error"> 
           <object idref="OutputError0"/> 
          </void> 
          <void property="opsPerSec"> 
           <double>14066.205626752686</double> 
          </void> 
         </object> 
        </void> 
        <void method="add"> 
         <object class="jmbench.tools.runtime.RuntimeResults"> 
          <void property="error"> 
           <object idref="OutputError0"/> 
          </void> 
          <void property="opsPerSec"> 
           <double>14074.298052990795</double> 
          </void> 
         </object> 
        </void> 
        <void method="add"> 
         <object class="jmbench.tools.runtime.RuntimeResults"> 
          <void property="error"> 
           <object idref="OutputError0"/> 
          </void> 
          <void property="opsPerSec"> 
           <double>14084.94260310998</double> 
          </void> 
         </object> 
        </void> 
        <void method="add"> 
         <object class="jmbench.tools.runtime.RuntimeResults"> 
          <void property="error"> 
           <object idref="OutputError0"/> 
          </void> 
          <void property="opsPerSec"> 
           <double>14088.131426573684</double> 
          </void> 
         </object> 
        </void> 
        <void method="add"> 
         <object class="jmbench.tools.runtime.RuntimeResults"> 
          <void property="error"> 
           <object idref="OutputError0"/> 
          </void> 
          <void property="opsPerSec"> 
           <double>14110.917976603538</double> 
          </void> 
         </object> 
        </void> 
        <void method="add"> 
         <object class="jmbench.tools.runtime.RuntimeResults"> 
          <void property="error"> 
           <object idref="OutputError0"/> 
          </void> 
          <void property="opsPerSec"> 
           <double>13484.299004951856</double> 
          </void> 
         </object> 
        </void> 
        <void method="add"> 
         <object class="jmbench.tools.runtime.RuntimeResults"> 
          <void property="error"> 
           <object idref="OutputError0"/> 
          </void> 
          <void property="opsPerSec"> 
           <double>13187.749025365427</double> 
          </void> 
         </object> 
        </void> 
        <void method="add"> 
         <object class="jmbench.tools.runtime.RuntimeResults"> 
          <void property="error"> 
           <object idref="OutputError0"/> 
          </void> 
          <void property="opsPerSec"> 
           <double>13878.06123020188</double> 
          </void> 
         </object> 
        </void> 
        <void method="add"> 
         <object class="jmbench.tools.runtime.RuntimeResults"> 
          <void property="error"> 
           <object idref="OutputError0"/> 
          </void> 
          <void property="opsPerSec"> 
           <double>14010.852530089998</double> 
          </void> 
         </object> 
        </void> 
        <void method="add"> 
         <object class="jmbench.tools.runtime.RuntimeResults"> 
          <void property="error"> 
           <object idref="OutputError0"/> 
          </void> 
          <void property="opsPerSec"> 
           <double>14016.969392738316</double> 
          </void> 
         </object> 
        </void> 
       </object> 
      </void> 
      <void property="stdev"> 
       <double>370.996410325476</double> 
      </void> 
     </object> 
    </void> 
    <void index="6"> 
     <object class="jmbench.tools.runtime.RuntimeEvaluationMetrics"> 
      <void property="max"> 
       <double>1401.5493812124544</double> 
      </void> 
      <void property="mean"> 
       <double>1391.1422988284437</double> 
      </void> 
      <void property="median"> 
       <double>1391.2950172614305</double> 
      </void> 
      <void property="min"> 
       <double>1372.5477618858545</double> 
      </void> 
      <void property="rawResults"> 
       <object class="java.util.ArrayList"> 
        <void method="add"> 
         <object class="jmbench.tools.runtime.RuntimeResults"> 
          <void property="error"> 
           <object idref="OutputError0"/> 
          </void> 
          <void property="opsPerSec"> 
           <double>1372.5477618858545</double> 
          </void> 
         </object> 
        </void> 
        <void method="add"> 
         <object class="jmbench.tools.runtime.RuntimeResults"> 
          <void property="error"> 
           <object idref="OutputError0"/> 
          </void> 
          <void property="opsPerSec"> 
           <double>1379.2568265859447</double> 
          </void> 
         </object> 
        </void> 
        <void method="add"> 
         <object class="jmbench.tools.runtime.RuntimeResults"> 
          <void property="error"> 
           <object idref="OutputError0"/> 
          </void> 
          <void property="opsPerSec"> 
           <double>1382.3185682392973</double> 
          </void> 
         </object> 
        </void> 
        <void method="add"> 
         <object class="jmbench.tools.runtime.RuntimeResults"> 
          <void property="error"> 
           <object idref="OutputError0"/> 
          </void> 
          <void property="opsPerSec"> 
           <double>1382.9988141210113</double> 
          </void> 
         </object> 
        </void> 
        <void method="add"> 
         <object class="jmbench.tools.runtime.RuntimeResults"> 
          <void property="error"> 
           <object idref="OutputError0"/> 
          </void> 
          <void property="opsPerSec"> 
           <double>1384.8566578959917</double> 
          </void> 
         </object> 
        </void> 
        <void method="add"> 
         <object class="jmbench.tools.runtime.RuntimeResults"> 
          <void property="error"> 
           <object idref="OutputError0"/> 
          </void> 
          <void property="opsPerSec"> 
           <double>1387.4169911937688</double> 
          </void> 
         </object> 
        </void> 
        <void method="add"> 
         <object class="jmbench.tools.runtime.RuntimeResults"> 
          <void property="error"> 
           <object idref="OutputError0"/> 
          </void> 
          <void property="opsPerSec"> 
           <double>1387.720231288951</double> 
          </void> 
         </object> 
        </void> 
        <void method="add"> 
         <object class="jmbench.tools.runtime.RuntimeResults"> 
          <void property="error"> 
           <object idref="OutputError0"/> 
          </void> 
          <void property="opsPerSec"> 
           <double>1389.2475108090855</double> 
          </void> 
         </object> 
        </void> 
        <void method="add"> 
         <object class="jmbench.tools.runtime.RuntimeResults"> 
          <void property="error"> 
           <object idref="OutputError0"/> 
          </void> 
          <void property="opsPerSec"> 
           <double>1389.8655279794975</double> 
          </void> 
         </object> 
        </void> 
        <void method="add"> 
         <object class="jmbench.tools.runtime.RuntimeResults"> 
          <void property="error"> 
           <object idref="OutputError0"/> 
          </void> 
          <void property="opsPerSec"> 
           <double>1390.8158500769352</double> 
          </void> 
         </object> 
        </void> 
        <void method="add"> 
         <object class="jmbench.tools.runtime.RuntimeResults"> 
          <void property="error"> 
           <object idref="OutputError0"/> 
          </void> 
          <void property="opsPerSec"> 
           <double>1391.0373601238475</double> 
          </void> 
         </object> 
        </void> 
        <void method="add"> 
         <object class="jmbench.tools.runtime.RuntimeResults"> 
          <void property="error"> 
           <object idref="OutputError0"/> 
          </void> 
          <void property="opsPerSec"> 
           <double>1392.0236691498667</double> 
          </void> 
         </object> 
        </void> 
        <void method="add"> 
         <object class="jmbench.tools.runtime.RuntimeResults"> 
          <void property="error"> 
           <object idref="OutputError0"/> 
          </void> 
          <void property="opsPerSec"> 
           <double>1392.542366466747</double> 
          </void> 
         </object> 
        </void> 
        <void method="add"> 
         <object class="jmbench.tools.runtime.RuntimeResults"> 
          <void property="error"> 
           <object idref="OutputError0"/> 
          </void> 
          <void property="opsPerSec"> 
           <double>1393.7071971971923</double> 
          </void> 
         </object> 
        </void> 
        <void method="add"> 
         <object class="jmbench.tools.runtime.RuntimeResults"> 
          <void property="error"> 
           <object idref="OutputError0"/> 
          </void> 
          <void property="opsPerSec"> 
           <double>1397.3920676321934</double> 
          </void> 
         </object> 
        </void> 
        <void method="add"> 
         <object class="jmbench.tools.runtime.RuntimeResults"> 
          <void property="error"> 
           <object idref="OutputError0"/> 
          </void> 
          <void property="opsPerSec"> 
           <double>1398.3968151561764</double> 
          </void> 
         </object> 
        </void> 
        <void method="add"> 
         <object class="jmbench.tools.runtime.RuntimeResults"> 
          <void property="error"> 
           <object idref="OutputError0"/> 
          </void> 
          <void property="opsPerSec"> 
           <double>1398.4657141038492</double> 
          </void> 
         </object> 
        </void> 
        <void method="add"> 
         <object class="jmbench.tools.runtime.RuntimeResults"> 
          <void property="error"> 
           <object idref="OutputError0"/> 
          </void> 
          <void property="opsPerSec"> 
           <double>1398.6599924230557</double> 
          </void> 
         </object> 
        </void> 
        <void method="add"> 
         <object class="jmbench.tools.runtime.RuntimeResults"> 
          <void property="error"> 
           <object idref="OutputError0"/> 
          </void> 
          <void property="opsPerSec"> 
           <double>1398.968837873449</double> 
          </void> 
         </object> 
        </void> 
        <void method="add"> 
         <object class="jmbench.tools.runtime.RuntimeResults"> 
          <void property="error"> 
           <object idref="OutputError0"/> 
          </void> 
          <void property="opsPerSec"> 
           <double>1401.0258704517037</double> 
          </void> 
         </object> 
        </void> 
        <void method="add"> 
         <object class="jmbench.tools.runtime.RuntimeResults"> 
          <void property="error"> 
           <object idref="OutputError0"/> 
          </void> 
          <void property="opsPerSec"> 
           <double>1384.6712359540877</double> 
          </void> 
         </object> 
        </void> 
        <void method="add"> 
         <object class="jmbench.tools.runtime.RuntimeResults"> 
          <void property="error"> 
           <object idref="OutputError0"/> 
          </void> 
          <void property="opsPerSec"> 
           <double>1391.2950172614305</double> 
          </void> 
         </object> 
        </void> 
        <void method="add"> 
         <object class="jmbench.tools.runtime.RuntimeResults"> 
          <void property="error"> 
           <object idref="OutputError0"/> 
          </void> 
          <void property="opsPerSec"> 
           <double>1394.5117701018025</double> 
          </void> 
         </object> 
        </void> 
        <void method="add"> 
         <object class="jmbench.tools.runtime.RuntimeResults"> 
          <void property="error"> 
           <object idref="OutputError0"/> 
          </void> 
          <void property="opsPerSec"> 
           <double>1397.2654355268967</double> 
          </void> 
         </object> 
        </void> 
        <void method="add"> 
         <object class="jmbench.tools.runtime.RuntimeResults"> 
          <void property="error"> 
           <object idref="OutputError0"/> 
          </void> 
          <void property="opsPerSec"> 
           <double>1401.5493812124544</double> 
          </void> 
         </object> 
        </void> 
       </object> 
      </void> 
      <void property="stdev"> 
       <double>7.129583846132812</double> 
      </void> 
     </object> 
    </void> 
    <void index="7"> 
     <object class="jmbench.tools.runtime.RuntimeEvaluationMetrics"> 
      <void property="max"> 
       <double>204.75821891228688</double> 
      </void> 
      <void property="mean"> 
       <double>202.06578428899672</double> 
      </void> 
      <void property="median"> 
       <double>202.7536776696497</double> 
      </void> 
      <void property="min"> 
       <double>199.70943143134278</double> 
      </void> 
      <void property="rawResults"> 
       <object class="java.util.ArrayList"> 
        <void method="add"> 
         <object class="jmbench.tools.runtime.RuntimeResults"> 
          <void property="error"> 
           <object idref="OutputError0"/> 
          </void> 
          <void property="opsPerSec"> 
           <double>200.246653333722</double> 
          </void> 
         </object> 
        </void> 
        <void method="add"> 
         <object class="jmbench.tools.runtime.RuntimeResults"> 
          <void property="error"> 
           <object idref="OutputError0"/> 
          </void> 
          <void property="opsPerSec"> 
           <double>200.41751376635887</double> 
          </void> 
         </object> 
        </void> 
        <void method="add"> 
         <object class="jmbench.tools.runtime.RuntimeResults"> 
          <void property="error"> 
           <object idref="OutputError0"/> 
          </void> 
          <void property="opsPerSec"> 
           <double>200.54589802118664</double> 
          </void> 
         </object> 
        </void> 
        <void method="add"> 
         <object class="jmbench.tools.runtime.RuntimeResults"> 
          <void property="error"> 
           <object idref="OutputError0"/> 
          </void> 
          <void property="opsPerSec"> 
           <double>200.5481210962822</double> 
          </void> 
         </object> 
        </void> 
        <void method="add"> 
         <object class="jmbench.tools.runtime.RuntimeResults"> 
          <void property="error"> 
           <object idref="OutputError0"/> 
          </void> 
          <void property="opsPerSec"> 
           <double>200.75070809702862</double> 
          </void> 
         </object> 
        </void> 
        <void method="add"> 
         <object class="jmbench.tools.runtime.RuntimeResults"> 
          <void property="error"> 
           <object idref="OutputError0"/> 
          </void> 
          <void property="opsPerSec"> 
           <double>200.85637668975232</double> 
          </void> 
         </object> 
        </void> 
        <void method="add"> 
         <object class="jmbench.tools.runtime.RuntimeResults"> 
          <void property="error"> 
           <object idref="OutputError0"/> 
          </void> 
          <void property="opsPerSec"> 
           <double>200.96527091445492</double> 
          </void> 
         </object> 
        </void> 
        <void method="add"> 
         <object class="jmbench.tools.runtime.RuntimeResults"> 
          <void property="error"> 
           <object idref="OutputError0"/> 
          </void> 
          <void property="opsPerSec"> 
           <double>202.7536776696497</double> 
          </void> 
         </object> 
        </void> 
        <void method="add"> 
         <object class="jmbench.tools.runtime.RuntimeResults"> 
          <void property="error"> 
           <object idref="OutputError0"/> 
          </void> 
          <void property="opsPerSec"> 
           <double>202.77991791309216</double> 
          </void> 
         </object> 
        </void> 
        <void method="add"> 
         <object class="jmbench.tools.runtime.RuntimeResults"> 
          <void property="error"> 
           <object idref="OutputError0"/> 
          </void> 
          <void property="opsPerSec"> 
           <double>202.87911891202816</double> 
          </void> 
         </object> 
        </void> 
        <void method="add"> 
         <object class="jmbench.tools.runtime.RuntimeResults"> 
          <void property="error"> 
           <object idref="OutputError0"/> 
          </void> 
          <void property="opsPerSec"> 
           <double>203.01246642898613</double> 
          </void> 
         </object> 
        </void> 
        <void method="add"> 
         <object class="jmbench.tools.runtime.RuntimeResults"> 
          <void property="error"> 
           <object idref="OutputError0"/> 
          </void> 
          <void property="opsPerSec"> 
           <double>203.3271351287557</double> 
          </void> 
         </object> 
        </void> 
        <void method="add"> 
         <object class="jmbench.tools.runtime.RuntimeResults"> 
          <void property="error"> 
           <object idref="OutputError0"/> 
          </void> 
          <void property="opsPerSec"> 
           <double>203.33937755570784</double> 
          </void> 
         </object> 
        </void> 
        <void method="add"> 
         <object class="jmbench.tools.runtime.RuntimeResults"> 
          <void property="error"> 
           <object idref="OutputError0"/> 
          </void> 
          <void property="opsPerSec"> 
           <double>203.69036712723056</double> 
          </void> 
         </object> 
        </void> 
        <void method="add"> 
         <object class="jmbench.tools.runtime.RuntimeResults"> 
          <void property="error"> 
           <object idref="OutputError0"/> 
          </void> 
          <void property="opsPerSec"> 
           <double>203.89996706200597</double> 
          </void> 
         </object> 
        </void> 
        <void method="add"> 
         <object class="jmbench.tools.runtime.RuntimeResults"> 
          <void property="error"> 
           <object idref="OutputError0"/> 
          </void> 
          <void property="opsPerSec"> 
           <double>203.90423143824933</double> 
          </void> 
         </object> 
        </void> 
        <void method="add"> 
         <object class="jmbench.tools.runtime.RuntimeResults"> 
          <void property="error"> 
           <object idref="OutputError0"/> 
          </void> 
          <void property="opsPerSec"> 
           <double>203.92919465899504</double> 
          </void> 
         </object> 
        </void> 
        <void method="add"> 
         <object class="jmbench.tools.runtime.RuntimeResults"> 
          <void property="error"> 
           <object idref="OutputError0"/> 
          </void> 
          <void property="opsPerSec"> 
           <double>204.22442821474843</double> 
          </void> 
         </object> 
        </void> 
        <void method="add"> 
         <object class="jmbench.tools.runtime.RuntimeResults"> 
          <void property="error"> 
           <object idref="OutputError0"/> 
          </void> 
          <void property="opsPerSec"> 
           <double>204.5462907425841</double> 
          </void> 
         </object> 
        </void> 
        <void method="add"> 
         <object class="jmbench.tools.runtime.RuntimeResults"> 
          <void property="error"> 
           <object idref="OutputError0"/> 
          </void> 
          <void property="opsPerSec"> 
           <double>204.75821891228688</double> 
          </void> 
         </object> 
        </void> 
        <void method="add"> 
         <object class="jmbench.tools.runtime.RuntimeResults"> 
          <void property="error"> 
           <object idref="OutputError0"/> 
          </void> 
          <void property="opsPerSec"> 
           <double>200.0322126829447</double> 
          </void> 
         </object> 
        </void> 
        <void method="add"> 
         <object class="jmbench.tools.runtime.RuntimeResults"> 
          <void property="error"> 
           <object idref="OutputError0"/> 
          </void> 
          <void property="opsPerSec"> 
           <double>200.04256413147422</double> 
          </void> 
         </object> 
        </void> 
        <void method="add"> 
         <object class="jmbench.tools.runtime.RuntimeResults"> 
          <void property="error"> 
           <object idref="OutputError0"/> 
          </void> 
          <void property="opsPerSec"> 
           <double>200.67808001309055</double> 
          </void> 
         </object> 
        </void> 
        <void method="add"> 
         <object class="jmbench.tools.runtime.RuntimeResults"> 
          <void property="error"> 
           <object idref="OutputError0"/> 
          </void> 
          <void property="opsPerSec"> 
           <double>199.80738528296058</double> 
          </void> 
         </object> 
        </void> 
        <void method="add"> 
         <object class="jmbench.tools.runtime.RuntimeResults"> 
          <void property="error"> 
           <object idref="OutputError0"/> 
          </void> 
          <void property="opsPerSec"> 
           <double>199.70943143134278</double> 
          </void> 
         </object> 
        </void> 
       </object> 
      </void> 
      <void property="stdev"> 
       <double>1.7031902337292593</double> 
      </void> 
     </object> 
    </void> 
    <void index="8"> 
     <object class="jmbench.tools.runtime.RuntimeEvaluationMetrics"> 
      <void property="max"> 
       <double>27.233549254827505</double> 
      </void> 
      <void property="mean"> 
       <double>26.710693310786</double> 
      </void> 
      <void property="median"> 
       <double>26.935067721130395</double> 
      </void> 
      <void property="min"> 
       <double>25.064757674132764</double> 
      </void> 
      <void property="rawResults"> 
       <object class="java.util.ArrayList"> 
        <void method="add"> 
         <object class="jmbench.tools.runtime.RuntimeResults"> 
          <void property="error"> 
           <object idref="OutputError0"/> 
          </void> 
          <void property="opsPerSec"> 
           <double>25.064757674132764</double> 
          </void> 
         </object> 
        </void> 
        <void method="add"> 
         <object class="jmbench.tools.runtime.RuntimeResults"> 
          <void property="error"> 
           <object idref="OutputError0"/> 
          </void> 
          <void property="opsPerSec"> 
           <double>25.486237663161887</double> 
          </void> 
         </object> 
        </void> 
        <void method="add"> 
         <object class="jmbench.tools.runtime.RuntimeResults"> 
          <void property="error"> 
           <object idref="OutputError0"/> 
          </void> 
          <void property="opsPerSec"> 
           <double>25.744703791307526</double> 
          </void> 
         </object> 
        </void> 
        <void method="add"> 
         <object class="jmbench.tools.runtime.RuntimeResults"> 
          <void property="error"> 
           <object idref="OutputError0"/> 
          </void> 
          <void property="opsPerSec"> 
           <double>25.793775316764414</double> 
          </void> 
         </object> 
        </void> 
        <void method="add"> 
         <object class="jmbench.tools.runtime.RuntimeResults"> 
          <void property="error"> 
           <object idref="OutputError0"/> 
          </void> 
          <void property="opsPerSec"> 
           <double>26.107532820100833</double> 
          </void> 
         </object> 
        </void> 
        <void method="add"> 
         <object class="jmbench.tools.runtime.RuntimeResults"> 
          <void property="error"> 
           <object idref="OutputError0"/> 
          </void> 
          <void property="opsPerSec"> 
           <double>26.346326747026417</double> 
          </void> 
         </object> 
        </void> 
        <void method="add"> 
         <object class="jmbench.tools.runtime.RuntimeResults"> 
          <void property="error"> 
           <object idref="OutputError0"/> 
          </void> 
          <void property="opsPerSec"> 
           <double>26.78006384279276</double> 
          </void> 
         </object> 
        </void> 
        <void method="add"> 
         <object class="jmbench.tools.runtime.RuntimeResults"> 
          <void property="error"> 
           <object idref="OutputError0"/> 
          </void> 
          <void property="opsPerSec"> 
           <double>26.825521390123317</double> 
          </void> 
         </object> 
        </void> 
        <void method="add"> 
         <object class="jmbench.tools.runtime.RuntimeResults"> 
          <void property="error"> 
           <object idref="OutputError0"/> 
          </void> 
          <void property="opsPerSec"> 
           <double>26.830926585203297</double> 
          </void> 
         </object> 
        </void> 
        <void method="add"> 
         <object class="jmbench.tools.runtime.RuntimeResults"> 
          <void property="error"> 
           <object idref="OutputError0"/> 
          </void> 
          <void property="opsPerSec"> 
           <double>26.856138628639105</double> 
          </void> 
         </object> 
        </void> 
        <void method="add"> 
         <object class="jmbench.tools.runtime.RuntimeResults"> 
          <void property="error"> 
           <object idref="OutputError0"/> 
          </void> 
          <void property="opsPerSec"> 
           <double>26.911185561485535</double> 
          </void> 
         </object> 
        </void> 
        <void method="add"> 
         <object class="jmbench.tools.runtime.RuntimeResults"> 
          <void property="error"> 
           <object idref="OutputError0"/> 
          </void> 
          <void property="opsPerSec"> 
           <double>26.930332629208696</double> 
          </void> 
         </object> 
        </void> 
        <void method="add"> 
         <object class="jmbench.tools.runtime.RuntimeResults"> 
          <void property="error"> 
           <object idref="OutputError0"/> 
          </void> 
          <void property="opsPerSec"> 
           <double>26.935067721130395</double> 
          </void> 
         </object> 
        </void> 
        <void method="add"> 
         <object class="jmbench.tools.runtime.RuntimeResults"> 
          <void property="error"> 
           <object idref="OutputError0"/> 
          </void> 
          <void property="opsPerSec"> 
           <double>27.01838629106106</double> 
          </void> 
         </object> 
        </void> 
        <void method="add"> 
         <object class="jmbench.tools.runtime.RuntimeResults"> 
          <void property="error"> 
           <object idref="OutputError0"/> 
          </void> 
          <void property="opsPerSec"> 
           <double>27.020809806464353</double> 
          </void> 
         </object> 
        </void> 
        <void method="add"> 
         <object class="jmbench.tools.runtime.RuntimeResults"> 
          <void property="error"> 
           <object idref="OutputError0"/> 
          </void> 
          <void property="opsPerSec"> 
           <double>27.033867750167442</double> 
          </void> 
         </object> 
        </void> 
        <void method="add"> 
         <object class="jmbench.tools.runtime.RuntimeResults"> 
          <void property="error"> 
           <object idref="OutputError0"/> 
          </void> 
          <void property="opsPerSec"> 
           <double>27.04199436090851</double> 
          </void> 
         </object> 
        </void> 
        <void method="add"> 
         <object class="jmbench.tools.runtime.RuntimeResults"> 
          <void property="error"> 
           <object idref="OutputError0"/> 
          </void> 
          <void property="opsPerSec"> 
           <double>27.05404127710829</double> 
          </void> 
         </object> 
        </void> 
        <void method="add"> 
         <object class="jmbench.tools.runtime.RuntimeResults"> 
          <void property="error"> 
           <object idref="OutputError0"/> 
          </void> 
          <void property="opsPerSec"> 
           <double>27.140885932937636</double> 
          </void> 
         </object> 
        </void> 
        <void method="add"> 
         <object class="jmbench.tools.runtime.RuntimeResults"> 
          <void property="error"> 
           <object idref="OutputError0"/> 
          </void> 
          <void property="opsPerSec"> 
           <double>27.157600816508236</double> 
          </void> 
         </object> 
        </void> 
        <void method="add"> 
         <object class="jmbench.tools.runtime.RuntimeResults"> 
          <void property="error"> 
           <object idref="OutputError0"/> 
          </void> 
          <void property="opsPerSec"> 
           <double>27.233549254827505</double> 
          </void> 
         </object> 
        </void> 
        <void method="add"> 
         <object class="jmbench.tools.runtime.RuntimeResults"> 
          <void property="error"> 
           <object idref="OutputError0"/> 
          </void> 
          <void property="opsPerSec"> 
           <double>27.182961314092903</double> 
          </void> 
         </object> 
        </void> 
        <void method="add"> 
         <object class="jmbench.tools.runtime.RuntimeResults"> 
          <void property="error"> 
           <object idref="OutputError0"/> 
          </void> 
          <void property="opsPerSec"> 
           <double>27.176676191682915</double> 
          </void> 
         </object> 
        </void> 
        <void method="add"> 
         <object class="jmbench.tools.runtime.RuntimeResults"> 
          <void property="error"> 
           <object idref="OutputError0"/> 
          </void> 
          <void property="opsPerSec"> 
           <double>27.039498866652924</double> 
          </void> 
         </object> 
        </void> 
        <void method="add"> 
         <object class="jmbench.tools.runtime.RuntimeResults"> 
          <void property="error"> 
           <object idref="OutputError0"/> 
          </void> 
          <void property="opsPerSec"> 
           <double>27.054490536161214</double> 
          </void> 
         </object> 
        </void> 
       </object> 
      </void> 
      <void property="stdev"> 
       <double>0.5837403703355089</double> 
      </void> 
     </object> 
    </void> 
    <void index="9"> 
     <object class="jmbench.tools.runtime.RuntimeEvaluationMetrics"> 
      <void property="max"> 
       <double>0.7602256039724634</double> 
      </void> 
      <void property="mean"> 
       <double>0.7488690388156624</double> 
      </void> 
      <void property="median"> 
       <double>0.7505298538124855</double> 
      </void> 
      <void property="min"> 
       <double>0.7354369847532929</double> 
      </void> 
      <void property="rawResults"> 
       <object class="java.util.ArrayList"> 
        <void method="add"> 
         <object class="jmbench.tools.runtime.RuntimeResults"> 
          <void property="error"> 
           <object idref="OutputError0"/> 
          </void> 
          <void property="opsPerSec"> 
           <double>0.7354369847532929</double> 
          </void> 
         </object> 
        </void> 
        <void method="add"> 
         <object class="jmbench.tools.runtime.RuntimeResults"> 
          <void property="error"> 
           <object idref="OutputError0"/> 
          </void> 
          <void property="opsPerSec"> 
           <double>0.7365049686407527</double> 
          </void> 
         </object> 
        </void> 
        <void method="add"> 
         <object class="jmbench.tools.runtime.RuntimeResults"> 
          <void property="error"> 
           <object idref="OutputError0"/> 
          </void> 
          <void property="opsPerSec"> 
           <double>0.7369649861584895</double> 
          </void> 
         </object> 
        </void> 
        <void method="add"> 
         <object class="jmbench.tools.runtime.RuntimeResults"> 
          <void property="error"> 
           <object idref="OutputError0"/> 
          </void> 
          <void property="opsPerSec"> 
           <double>0.740296679900744</double> 
          </void> 
         </object> 
        </void> 
        <void method="add"> 
         <object class="jmbench.tools.runtime.RuntimeResults"> 
          <void property="error"> 
           <object idref="OutputError0"/> 
          </void> 
          <void property="opsPerSec"> 
           <double>0.7408864683527576</double> 
          </void> 
         </object> 
        </void> 
        <void method="add"> 
         <object class="jmbench.tools.runtime.RuntimeResults"> 
          <void property="error"> 
           <object idref="OutputError0"/> 
          </void> 
          <void property="opsPerSec"> 
           <double>0.7421686846516051</double> 
          </void> 
         </object> 
        </void> 
        <void method="add"> 
         <object class="jmbench.tools.runtime.RuntimeResults"> 
          <void property="error"> 
           <object idref="OutputError0"/> 
          </void> 
          <void property="opsPerSec"> 
           <double>0.7429710006298121</double> 
          </void> 
         </object> 
        </void> 
        <void method="add"> 
         <object class="jmbench.tools.runtime.RuntimeResults"> 
          <void property="error"> 
           <object idref="OutputError0"/> 
          </void> 
          <void property="opsPerSec"> 
           <double>0.7430867411756539</double> 
          </void> 
         </object> 
        </void> 
        <void method="add"> 
         <object class="jmbench.tools.runtime.RuntimeResults"> 
          <void property="error"> 
           <object idref="OutputError0"/> 
          </void> 
          <void property="opsPerSec"> 
           <double>0.7443837374748882</double> 
          </void> 
         </object> 
        </void> 
        <void method="add"> 
         <object class="jmbench.tools.runtime.RuntimeResults"> 
          <void property="error"> 
           <object idref="OutputError0"/> 
          </void> 
          <void property="opsPerSec"> 
           <double>0.7446524737311739</double> 
          </void> 
         </object> 
        </void> 
        <void method="add"> 
         <object class="jmbench.tools.runtime.RuntimeResults"> 
          <void property="error"> 
           <object idref="OutputError0"/> 
          </void> 
          <void property="opsPerSec"> 
           <double>0.7453931374064441</double> 
          </void> 
         </object> 
        </void> 
        <void method="add"> 
         <object class="jmbench.tools.runtime.RuntimeResults"> 
          <void property="error"> 
           <object idref="OutputError0"/> 
          </void> 
          <void property="opsPerSec"> 
           <double>0.7465806483121497</double> 
          </void> 
         </object> 
        </void> 
        <void method="add"> 
         <object class="jmbench.tools.runtime.RuntimeResults"> 
          <void property="error"> 
           <object idref="OutputError0"/> 
          </void> 
          <void property="opsPerSec"> 
           <double>0.7512525133572283</double> 
          </void> 
         </object> 
        </void> 
        <void method="add"> 
         <object class="jmbench.tools.runtime.RuntimeResults"> 
          <void property="error"> 
           <object idref="OutputError0"/> 
          </void> 
          <void property="opsPerSec"> 
           <double>0.7530231254200022</double> 
          </void> 
         </object> 
        </void> 
        <void method="add"> 
         <object class="jmbench.tools.runtime.RuntimeResults"> 
          <void property="error"> 
           <object idref="OutputError0"/> 
          </void> 
          <void property="opsPerSec"> 
           <double>0.7540761232310668</double> 
          </void> 
         </object> 
        </void> 
        <void method="add"> 
         <object class="jmbench.tools.runtime.RuntimeResults"> 
          <void property="error"> 
           <object idref="OutputError0"/> 
          </void> 
          <void property="opsPerSec"> 
           <double>0.7575825289478818</double> 
          </void> 
         </object> 
        </void> 
        <void method="add"> 
         <object class="jmbench.tools.runtime.RuntimeResults"> 
          <void property="error"> 
           <object idref="OutputError0"/> 
          </void> 
          <void property="opsPerSec"> 
           <double>0.7582817328048512</double> 
          </void> 
         </object> 
        </void> 
        <void method="add"> 
         <object class="jmbench.tools.runtime.RuntimeResults"> 
          <void property="error"> 
           <object idref="OutputError0"/> 
          </void> 
          <void property="opsPerSec"> 
           <double>0.7585485297879907</double> 
          </void> 
         </object> 
        </void> 
        <void method="add"> 
         <object class="jmbench.tools.runtime.RuntimeResults"> 
          <void property="error"> 
           <object idref="OutputError0"/> 
          </void> 
          <void property="opsPerSec"> 
           <double>0.7588477821109962</double> 
          </void> 
         </object> 
        </void> 
        <void method="add"> 
         <object class="jmbench.tools.runtime.RuntimeResults"> 
          <void property="error"> 
           <object idref="OutputError0"/> 
          </void> 
          <void property="opsPerSec"> 
           <double>0.7602256039724634</double> 
          </void> 
         </object> 
        </void> 
        <void method="add"> 
         <object class="jmbench.tools.runtime.RuntimeResults"> 
          <void property="error"> 
           <object idref="OutputError0"/> 
          </void> 
          <void property="opsPerSec"> 
           <double>0.7505298538124855</double> 
          </void> 
         </object> 
        </void> 
        <void method="add"> 
         <object class="jmbench.tools.runtime.RuntimeResults"> 
          <void property="error"> 
           <object idref="OutputError0"/> 
          </void> 
          <void property="opsPerSec"> 
           <double>0.7565998477091616</double> 
          </void> 
         </object> 
        </void> 
        <void method="add"> 
         <object class="jmbench.tools.runtime.RuntimeResults"> 
          <void property="error"> 
           <object idref="OutputError0"/> 
          </void> 
          <void property="opsPerSec"> 
           <double>0.7551628826818524</double> 
          </void> 
         </object> 
        </void> 
        <void method="add"> 
         <object class="jmbench.tools.runtime.RuntimeResults"> 
          <void property="error"> 
           <object idref="OutputError0"/> 
          </void> 
          <void property="opsPerSec"> 
           <double>0.7541190696225304</double> 
          </void> 
         </object> 
        </void> 
        <void method="add"> 
         <object class="jmbench.tools.runtime.RuntimeResults"> 
          <void property="error"> 
           <object idref="OutputError0"/> 
          </void> 
          <void property="opsPerSec"> 
           <double>0.7541498657452856</double> 
          </void> 
         </object> 
        </void> 
       </object> 
      </void> 
      <void property="stdev"> 
       <double>0.007680980383325787</double> 
      </void> 
     </object> 
    </void> 
    <void index="10"> 
     <object class="jmbench.tools.runtime.RuntimeEvaluationMetrics"> 
      <void property="max"> 
       <double>0.07114395765282215</double> 
      </void> 
      <void property="mean"> 
       <double>0.06889306526022111</double> 
      </void> 
      <void property="median"> 
       <double>0.07089068786851596</double> 
      </void> 
      <void property="min"> 
       <double>0.06510201812205531</double> 
      </void> 
      <void property="rawResults"> 
       <object class="java.util.ArrayList"> 
        <void method="add"> 
         <object class="jmbench.tools.runtime.RuntimeResults"> 
          <void property="error"> 
           <object idref="OutputError0"/> 
          </void> 
          <void property="opsPerSec"> 
           <double>0.07089068786851596</double> 
          </void> 
         </object> 
        </void> 
        <void method="add"> 
         <object class="jmbench.tools.runtime.RuntimeResults"> 
          <void property="error"> 
           <object idref="OutputError0"/> 
          </void> 
          <void property="opsPerSec"> 
           <double>0.07114395765282215</double> 
          </void> 
         </object> 
        </void> 
        <void method="add"> 
         <object class="jmbench.tools.runtime.RuntimeResults"> 
          <void property="error"> 
           <object idref="OutputError0"/> 
          </void> 
          <void property="opsPerSec"> 
           <double>0.06843559739749103</double> 
          </void> 
         </object> 
        </void> 
        <void method="add"> 
         <object class="jmbench.tools.runtime.RuntimeResults"> 
          <void property="error"> 
           <object idref="OutputError0"/> 
          </void> 
          <void property="opsPerSec"> 
           <double>0.06510201812205531</double> 
          </void> 
         </object> 
        </void> 
       </object> 
      </void> 
      <void property="stdev"> 
       <double>0.0024309631783238674</double> 
      </void> 
     </object> 
    </void> 
   </array> 
  </void> 
  <void property="opName"> 
   <string>QR</string> 
  </void> 
 </object> 
</java> 
