<?xml version="1.0" encoding="UTF-8"?> 
<java version="1.6.0_16" class="java.beans.XMLDecoder"> 
 <object class="jmbench.tools.SystemInfo"> 
  <void property="javaHome"> 
   <string>/opt/jdk1.6.0_16/jre</string> 
  </void> 
  <void property="javaVendor"> 
   <string>Sun Microsystems Inc.</string> 
  </void> 
  <void property="javaVersion"> 
   <string>1.6.0_16</string> 
  </void> 
  <void property="javaVmName"> 
   <string>Java HotSpot(TM) Client VM</string> 
  </void> 
  <void property="javaVmVersion"> 
   <string>14.2-b01</string> 
  </void> 
  <void property="memory"> 
   <long>5177344</long> 
  </void> 
  <void property="numCPU"> 
   <int>1</int> 
  </void> 
  <void property="osArch"> 
   <string>i386</string> 
  </void> 
  <void property="osName"> 
   <string>Linux</string> 
  </void> 
  <void property="osVersion"> 
   <string>2.6.24-24-generic</string> 
  </void> 
  <void property="time"> 
   <long>1266807524831</long> 
  </void> 
 </object> 
</java> 
