<?xml version="1.0" encoding="UTF-8"?> 
<java version="1.6.0_16" class="java.beans.XMLDecoder"> 
 <object class="jmbench.tools.EvaluationTarget"> 
  <void property="factoryPath"> 
   <string>jmbench.impl.runtime.JBlasAlgorithmFactory</string> 
  </void> 
  <void property="lib"> 
   <object class="jmbench.impl.MatrixLibrary"> 
    <void property="dateModified"> 
     <string>2010-02-26</string> 
    </void> 
    <void property="dirName"> 
     <string>jblas-1.0.2</string> 
    </void> 
    <void property="extraLibs"> 
     <boolean>true</boolean> 
    </void> 
    <void property="nativeCode"> 
     <boolean>true</boolean> 
    </void> 
    <void property="plotLineType"> 
     <int>10</int> 
    </void> 
    <void property="plotName"> 
     <string>JBLAS</string> 
    </void> 
    <void property="versionName"> 
     <string>JBLAS 1.0.2</string> 
    </void> 
   </object> 
  </void> 
 </object> 
</java> 
