<jmbench.impl.LibraryDescription>
  <location>
    <plotName>PColt</plotName>
    <libraryDirName>parallelcolt</libraryDirName>
    <saveDirName>parallelcolt</saveDirName>
    <extraLibs>true</extraLibs>
    <nativeCode>false</nativeCode>
    <plotLineType>8</plotLineType>
  </location>
  <configure>jmbench.impl.configure.DoNothingSpecialConfigure</configure>
  <factoryRuntime>jmbench.impl.runtime.PColtAlgorithmFactory</factoryRuntime>
  <factoryMemory>jmbench.impl.memory.PColtMemoryFactory</factoryMemory>
  <version>jmbench.impl.AllLibraryVersion$PColt</version>
</jmbench.impl.LibraryDescription>