<jmbench.impl.LibraryDescription>
  <location>
    <plotName>UJMP-N</plotName>
    <libraryDirName>ujmp</libraryDirName>
    <saveDirName>ujmp-native</saveDirName>
    <extraLibs>true</extraLibs>
    <nativeCode>true</nativeCode>
    <plotLineType>11</plotLineType>
  </location>
  <configure>jmbench.impl.configure.UjmpNativeLibraryConfigure</configure>
  <factoryRuntime>jmbench.impl.runtime.UjmpAlgorithmFactory</factoryRuntime>
  <factoryMemory>jmbench.impl.memory.UjmpMemoryFactory</factoryMemory>
  <version>jmbench.impl.AllLibraryVersion$UJMP</version>
</jmbench.impl.LibraryDescription>